NOMBRE,TELEFONO,CORREO,FECHA_ALTA,STATUS
"Hollis", "967-706-8224", "hcordall0@opera.com", "2023-05-25 15:09:04", true
"Gerta", "163-440-4753", "gsommerled1@state.gov", "2023-03-02 21:43:40", false
"Fair", "651-711-7552", "fcredland2@delicious.com", "2022-10-02 04:41:53", false
"Chalmers", "166-799-0538", "crothert3@dyndns.org", "2023-09-23 13:34:24", true
"Keslie", "250-995-1413", "ktolan4@telegraph.co.uk", "2023-11-26 14:03:38", false
"Cathee", "560-931-1161", "ctesdale5@google.co.jp", "2022-08-25 20:10:39", false
"Eran", "981-801-5969", "etumini6@twitter.com", "2023-11-10 05:38:37", false
"Allard", "216-503-3369", "agourlie7@t.co", "2024-01-19 13:12:07", false
"Jordan", "744-376-9717", "jaird8@lycos.com", "2022-08-27 12:36:29", false
"Roxi", "701-532-2107", "rcharleston9@ft.com", "2022-11-21 07:44:28", true
"Elisabetta", "347-880-1828", "edoumerquea@cpanel.net", "2024-01-27 03:23:11", true
"Benetta", "837-178-4468", "bdigiacomettinob@gmpg.org", "2023-12-04 17:46:20", true
"Antonietta", "162-167-0920", "alibbisc@shareasale.com", "2023-04-29 18:32:52", true
"Jessica", "370-391-8779", "jgleadled@diigo.com", "2022-11-28 10:42:01", true
"Gayleen", "466-893-5455", "gelcockse@moonfruit.com", "2023-03-05 08:30:24", true
"Andras", "681-620-3777", "alawlesf@myspace.com", "2023-07-22 20:01:46", false
"Minne", "514-770-6108", "mlangsdong@microsoft.com", "2022-11-03 19:34:19", true
"Sharai", "923-411-5751", "spettih@desdev.cn", "2023-12-13 11:24:51", false
"Con", "937-323-1531", "cdobrowlskii@weebly.com", "2022-11-20 15:53:36", false
"Leontine", "587-554-6064", "lgilhouleyj@fotki.com", "2022-10-03 18:54:58", false
"Trix", "659-248-3079", "twellingtonk@sogou.com", "2022-07-13 22:19:31", false
"Virgil", "507-266-3672", "vbuckinghaml@soup.io", "2022-11-26 23:13:06", true
"Pip", "268-257-4864", "plitzmannm@ameblo.jp", "2023-10-02 05:26:51", false
"Raleigh", "261-748-6146", "rtoplissn@mail.ru", "2024-03-19 03:27:48", true
"Corrie", "856-496-8743", "cswaneo@mozilla.org", "2022-11-24 16:44:02", true
"Danice", "494-967-9361", "dauchinleckp@so-net.ne.jp", "2023-03-29 12:30:42", false
"Cory", "181-736-7732", "cgavriellyq@wsj.com", "2022-11-11 05:54:10", true
"Jorey", "622-224-7304", "jclamptonr@state.gov", "2023-03-20 10:14:15", false
"Kerstin", "956-218-4236", "ksayles@shop-pro.jp", "2023-03-25 09:58:11", true
"Marti", "961-939-1152", "mmatousekt@canalblog.com", "2023-12-13 19:08:56", true
"Martainn", "773-432-6945", "mobyu@go.com", "2023-03-04 19:51:54", true
"Helena", "132-101-2773", "hmchalev@tiny.cc", "2022-09-14 20:07:28", false
"Helen-elizabeth", "802-603-7137", "hkingsnoadw@shop-pro.jp", "2023-12-12 22:59:19", false
"Hammad", "983-686-6523", "hreddellx@blogs.com", "2024-03-08 06:36:28", true
"Krispin", "208-481-8016", "klancetty@ed.gov", "2023-08-20 15:43:21", true
"Rozelle", "856-673-7657", "rlushz@miitbeian.gov.cn", "2023-11-14 11:59:27", false
"Cassie", "736-967-4858", "csuston10@google.ca", "2023-05-15 17:38:45", false
"Nettie", "612-773-6410", "nstollen11@bloglovin.com", "2023-09-08 06:48:36", true
"Cherry", "873-448-0185", "cbroom12@xrea.com", "2023-08-10 10:54:18", false
"Reid", "516-263-7551", "rerwin13@berkeley.edu", "2023-05-21 05:39:48", true
"Tessy", "809-355-1893", "tgoldby14@shinystat.com", "2022-07-21 05:28:22", true
"Renie", "287-265-8345", "rwhimpenny15@oracle.com", "2023-04-16 05:26:49", false
"Welch", "614-938-8159", "wspillard16@japanpost.jp", "2023-10-05 17:44:11", true
"Dorree", "838-255-6212", "ddomeney17@who.int", "2024-01-05 12:21:55", true
"Sharon", "181-660-8004", "sacton18@redcross.org", "2022-08-15 21:44:40", false
"Allx", "166-230-5333", "atoothill19@wp.com", "2022-08-28 21:56:45", false
"Stirling", "499-323-7336", "srubenczyk1a@tinyurl.com", "2023-10-25 18:08:27", false
"Addie", "973-535-0124", "arooze1b@w3.org", "2023-12-24 14:45:44", true
"Andrey", "886-392-8009", "awebben1c@woothemes.com", "2023-05-06 19:14:43", true
"Cyndia", "647-688-0128", "cbryan1d@wikimedia.org", "2023-10-01 05:27:23", true
"Alfonse", "413-437-9061", "averick1e@state.tx.us", "2024-02-18 01:23:20", false
"Lib", "845-646-8821", "lskene1f@prweb.com", "2022-11-19 03:17:45", true
"Stesha", "474-864-0240", "sremnant1g@bloglovin.com", "2022-09-18 06:58:36", true
"Darius", "597-164-6096", "dfidgin1h@ustream.tv", "2023-08-02 12:01:26", false
"Kit", "814-582-9009", "ksteptow1i@spiegel.de", "2024-01-02 02:50:10", true
"Shaylah", "264-892-6539", "skristoffersson1j@ameblo.jp", "2022-11-21 22:43:28", true
"Washington", "884-198-8404", "wkerin1k@scientificamerican.com", "2022-07-28 17:01:12", false
"Adi", "588-631-9408", "alegen1l@exblog.jp", "2023-11-27 22:57:47", false
"Waldo", "693-510-9224", "wkrzysztofiak1m@vimeo.com", "2023-12-18 09:26:18", true
"Babette", "814-821-0090", "bsurman1n@hexun.com", "2023-10-25 04:56:05", false
"Obediah", "142-417-2964", "otewkesbury1o@marriott.com", "2023-01-01 20:06:07", true
"Rosco", "833-774-8875", "rchantler1p@microsoft.com", "2022-11-07 10:17:21", true
"Desiri", "459-153-9267", "dkemmis1q@bandcamp.com", "2023-06-09 23:44:07", false
"Alfreda", "816-325-9682", "alaughren1r@joomla.org", "2023-11-16 23:49:00", false
"Zorina", "248-643-9420", "zcorter1s@kickstarter.com", "2023-02-11 16:18:39", true
"Tommi", "667-921-9397", "tadin1t@imgur.com", "2022-12-29 05:17:01", false
"Conrad", "530-864-1907", "crock1u@tumblr.com", "2023-08-03 03:17:11", true
"Daniele", "402-560-4693", "ddikle1v@indiegogo.com", "2023-09-14 13:56:22", true
"Mateo", "239-206-7675", "mknappett1w@nasa.gov", "2022-11-24 06:16:19", false
"Finn", "951-471-1595", "fgauntley1x@barnesandnoble.com", "2022-11-20 23:18:29", false
"Heather", "440-249-0486", "hrogge1y@macromedia.com", "2022-08-05 07:33:25", false
"Arnie", "826-271-1850", "agoodger1z@cornell.edu", "2024-03-25 09:47:04", false
"Marlie", "911-664-5866", "mmaylard20@hubpages.com", "2024-01-20 16:00:11", false
"Ronny", "515-715-9328", "rpinckstone21@elegantthemes.com", "2024-01-23 12:28:32", true
"Madelin", "169-872-7734", "mbretton22@cocolog-nifty.com", "2023-03-12 09:07:33", true
"Heather", "274-770-5455", "hahrenius23@topsy.com", "2023-12-18 12:00:18", true
"Billy", "571-951-2483", "bgudge24@apple.com", "2023-05-06 02:21:53", false
"Gilligan", "470-683-8412", "gmackeig25@amazon.co.jp", "2024-02-11 19:02:16", false
"Giovanni", "752-901-9806", "gkeen26@intel.com", "2023-10-24 15:02:38", true
"Karlik", "415-816-3504", "kludwig27@pbs.org", "2023-03-10 21:01:38", true
"Natalee", "469-417-8234", "ntimperley28@tmall.com", "2023-01-01 23:27:13", false
"Vergil", "408-478-6448", "vmixhel29@mit.edu", "2024-01-27 19:10:40", false
"Desiree", "541-981-3978", "dspofford2a@dagondesign.com", "2022-08-24 03:15:28", true
"Garrard", "894-193-2184", "gslym2b@sina.com.cn", "2023-02-05 18:58:04", false
"Georgia", "555-651-2277", "gcram2c@ebay.com", "2024-03-09 00:48:34", false
"Kalli", "375-178-3426", "kshilliday2d@networkadvertising.org", "2022-09-16 19:12:22", true
"Esta", "431-316-3059", "epayler2e@joomla.org", "2023-05-30 17:35:48", false
"Ollie", "150-286-4029", "ohealeas2f@addthis.com", "2023-03-19 17:20:02", true
"Zsa zsa", "985-478-0706", "ztiuit2g@icio.us", "2023-06-27 14:33:11", false
"Trula", "764-631-4058", "thaxley2h@parallels.com", "2023-02-03 22:08:22", false
"Elene", "701-302-5938", "egilhouley2i@huffingtonpost.com", "2023-12-29 16:24:03", false
"Andriette", "822-728-8981", "amatussow2j@illinois.edu", "2022-07-16 06:22:21", true
"Lyndel", "275-113-4909", "ldebruyne2k@google.ru", "2022-11-03 16:11:32", true
"Valentijn", "883-875-0850", "vmcgaw2l@seesaa.net", "2023-11-24 17:54:01", true
"Zabrina", "126-778-3227", "zlaver2m@flickr.com", "2024-03-05 21:21:30", true
"Kimmi", "354-843-4212", "kfeatenby2n@marriott.com", "2022-10-31 08:00:11", false
"Lanie", "784-900-8555", "lpaty2o@squarespace.com", "2023-05-31 07:01:08", true
"Evelyn", "119-776-3352", "enias2p@shinystat.com", "2022-11-13 19:06:43", false
"Barbra", "526-956-6146", "bdepinna2q@mozilla.com", "2023-12-07 02:59:06", false
"Berni", "602-565-3974", "bseager2r@newsvine.com", "2024-01-25 07:01:49", false